{"cameraMode":{"drawMode":0,"name":"Shaded","section":"Shading Mode"},"sceneLighting":false,"audioPlay":false,"sceneViewState":{"showFog":false,"showMaterialUpdate":false,"showSkybox":false,"showFlares":false,"showImageEffects":false,"showParticleSystems":true},"in2DMode":false,"pivot":{"x":0.0,"y":-0.5000001192092896,"z":5.960464477539063e-8},"rotation":{"x":0.42246702313423159,"y":-0.09757404029369354,"z":0.04580456390976906,"w":0.8999476432800293},"size":2.857884645462036,"orthographic":false}