{"cameraMode":{"drawMode":0,"name":"Shaded","section":"Shading Mode"},"sceneLighting":false,"audioPlay":false,"sceneViewState":{"showFog":false,"showMaterialUpdate":false,"showSkybox":false,"showFlares":false,"showImageEffects":false,"showParticleSystems":true},"in2DMode":false,"pivot":{"x":0.0,"y":-0.24999994039535523,"z":-5.960464477539063e-8},"rotation":{"x":-0.47836047410964968,"y":0.017918191850185396,"z":-0.009763408452272416,"w":-0.8779264688491821},"size":2.4750003814697267,"orthographic":false}