{"cameraMode":{"drawMode":0,"name":"Shaded","section":"Shading Mode"},"sceneLighting":false,"audioPlay":false,"sceneViewState":{"showFog":false,"showMaterialUpdate":false,"showSkybox":false,"showFlares":false,"showImageEffects":false,"showParticleSystems":true},"in2DMode":false,"pivot":{"x":3.9117233753204347,"y":1.7445636987686158,"z":7.310379981994629},"rotation":{"x":-0.13454249501228333,"y":0.5719340443611145,"z":-0.09575856477022171,"w":-0.8035175800323486},"size":4.277429580688477,"orthographic":false}