{"cameraMode":{"drawMode":0,"name":"Shaded","section":"Shading Mode"},"sceneLighting":true,"audioPlay":false,"sceneViewState":{"showFog":false,"showMaterialUpdate":false,"showSkybox":false,"showFlares":false,"showImageEffects":false,"showParticleSystems":true},"in2DMode":false,"pivot":{"x":704.911865234375,"y":342.5313720703125,"z":-34.09722900390625},"rotation":{"x":-0.3268638849258423,"y":0.00936383381485939,"z":-0.0032380190677940847,"w":-0.9450217485427856},"size":583.6478271484375,"orthographic":false}