{"cameraMode":{"drawMode":0,"name":"Shaded","section":"Shading Mode"},"sceneLighting":false,"audioPlay":false,"sceneViewState":{"showFog":false,"showMaterialUpdate":false,"showSkybox":false,"showFlares":false,"showImageEffects":false,"showParticleSystems":true},"in2DMode":false,"pivot":{"x":-4.096297740936279,"y":0.46320390701293948,"z":19.734338760375978},"rotation":{"x":0.27958211302757265,"y":-0.21512648463249207,"z":0.06443101167678833,"w":0.9334897994995117},"size":3.202803611755371,"orthographic":false}