{"cameraMode":{"drawMode":0,"name":"Shaded","section":"Shading Mode"},"sceneLighting":false,"audioPlay":false,"sceneViewState":{"showFog":false,"showMaterialUpdate":false,"showSkybox":false,"showFlares":false,"showImageEffects":false,"showParticleSystems":true},"in2DMode":false,"pivot":{"x":-2.197425365447998,"y":0.8462287187576294,"z":7.060232162475586},"rotation":{"x":-0.05249505862593651,"y":-0.3637497127056122,"z":0.020537395030260087,"w":-0.9298008680343628},"size":6.421384334564209,"orthographic":false}