{"cameraMode":{"drawMode":0,"name":"Shaded","section":"Shading Mode"},"sceneLighting":false,"audioPlay":false,"sceneViewState":{"showFog":false,"showMaterialUpdate":false,"showSkybox":false,"showFlares":false,"showImageEffects":false,"showParticleSystems":true},"in2DMode":false,"pivot":{"x":1.000000238418579,"y":1.1156399250030518,"z":0.9999998807907105},"rotation":{"x":-0.5228250026702881,"y":0.1899876892566681,"z":-0.12081533670425415,"w":-0.8221821784973145},"size":6.816348075866699,"orthographic":false}