{"cameraMode":{"drawMode":0,"name":"Shaded","section":"Shading Mode"},"sceneLighting":false,"audioPlay":false,"sceneViewState":{"showFog":false,"showMaterialUpdate":false,"showSkybox":false,"showFlares":false,"showImageEffects":false,"showParticleSystems":true},"in2DMode":false,"pivot":{"x":-7.43687629699707,"y":-0.7657277584075928,"z":1.9969515800476075},"rotation":{"x":-0.044888269156217578,"y":-0.9245741963386536,"z":0.11514288932085037,"w":-0.36042141914367678},"size":5.65850305557251,"orthographic":false}