{"cameraMode":{"drawMode":2,"name":"Shaded Wireframe","section":"Shading Mode"},"sceneLighting":false,"audioPlay":false,"sceneViewState":{"showFog":false,"showMaterialUpdate":false,"showSkybox":false,"showFlares":false,"showImageEffects":false,"showParticleSystems":true},"in2DMode":false,"pivot":{"x":1.117640495300293,"y":-0.25944793224334719,"z":0.3764064311981201},"rotation":{"x":0.15980097651481629,"y":0.40681901574134829,"z":-0.07251597195863724,"w":0.8964950442314148},"size":5.1750006675720219,"orthographic":false}