{"cameraMode":{"drawMode":0,"name":"Shaded","section":"Shading Mode"},"sceneLighting":false,"audioPlay":false,"sceneViewState":{"showFog":false,"showMaterialUpdate":false,"showSkybox":false,"showFlares":false,"showImageEffects":false,"showParticleSystems":true},"in2DMode":false,"pivot":{"x":-0.36343908309936526,"y":0.814628005027771,"z":-0.2219552993774414},"rotation":{"x":0.08569049090147019,"y":0.9112106561660767,"z":-0.24279089272022248,"w":0.32160550355911257},"size":3.6172075271606447,"orthographic":false}