{"cameraMode":{"drawMode":0,"name":"Shaded","section":"Shading Mode"},"sceneLighting":false,"audioPlay":false,"sceneViewState":{"showFog":false,"showMaterialUpdate":false,"showSkybox":false,"showFlares":false,"showImageEffects":false,"showParticleSystems":true},"in2DMode":false,"pivot":{"x":0.4163937568664551,"y":-0.004748940467834473,"z":0.6492189168930054},"rotation":{"x":-0.274844765663147,"y":-0.2979418635368347,"z":0.09001460671424866,"w":-0.9097188711166382},"size":3.0924477577209474,"orthographic":false}