{"cameraMode":{"drawMode":0,"name":"Shaded","section":"Shading Mode"},"sceneLighting":false,"audioPlay":false,"sceneViewState":{"showFog":false,"showMaterialUpdate":false,"showSkybox":false,"showFlares":false,"showImageEffects":false,"showParticleSystems":true},"in2DMode":false,"pivot":{"x":0.05425262451171875,"y":0.2925894856452942,"z":0.10125279426574707},"rotation":{"x":-0.0795784592628479,"y":0.8750477433204651,"z":-0.15409834682941438,"w":-0.45189863443374636},"size":1.449601411819458,"orthographic":false}