{"cameraMode":{"drawMode":0,"name":"Shaded","section":"Shading Mode"},"sceneLighting":false,"audioPlay":false,"sceneViewState":{"showFog":false,"showMaterialUpdate":false,"showSkybox":false,"showFlares":false,"showImageEffects":false,"showParticleSystems":true},"in2DMode":false,"pivot":{"x":0.5877026319503784,"y":0.20797204971313477,"z":0.3256683349609375},"rotation":{"x":-0.25106263160705569,"y":0.21417127549648286,"z":-0.057065896689891818,"w":-0.942253589630127},"size":3.109173536300659,"orthographic":false}