{"cameraMode":{"drawMode":0,"name":"Shaded","section":"Shading Mode"},"sceneLighting":false,"audioPlay":false,"sceneViewState":{"showFog":false,"showMaterialUpdate":false,"showSkybox":false,"showFlares":false,"showImageEffects":false,"showParticleSystems":true},"in2DMode":false,"pivot":{"x":-0.00017449259757995605,"y":-0.49991273880004885,"z":0.0},"rotation":{"x":0.18551765382289887,"y":0.29688799381256106,"z":-0.05891513451933861,"w":0.9348635673522949},"size":2.8583829402923586,"orthographic":false}