{"cameraMode":{"drawMode":0,"name":"Shaded","section":"Shading Mode"},"sceneLighting":false,"audioPlay":false,"sceneViewState":{"showFog":false,"showMaterialUpdate":false,"showSkybox":false,"showFlares":false,"showImageEffects":false,"showParticleSystems":true},"in2DMode":false,"pivot":{"x":0.0025994330644607546,"y":0.7606781721115112,"z":2.002070426940918},"rotation":{"x":-0.40144431591033938,"y":0.19855423271656037,"z":-0.08959773927927017,"w":-0.8896130919456482},"size":1.8556270599365235,"orthographic":false}