{"cameraMode":{"drawMode":0,"name":"Shaded","section":"Shading Mode"},"sceneLighting":false,"audioPlay":false,"sceneViewState":{"showFog":false,"showMaterialUpdate":false,"showSkybox":false,"showFlares":false,"showImageEffects":false,"showParticleSystems":true},"in2DMode":false,"pivot":{"x":-0.5778493881225586,"y":-0.3979605436325073,"z":1.0153353214263917},"rotation":{"x":0.10463974624872208,"y":0.829342246055603,"z":-0.16587045788764954,"w":0.5231915712356567},"size":2.749220132827759,"orthographic":false}