{"cameraMode":{"drawMode":0,"name":"Shaded","section":"Shading Mode"},"sceneLighting":false,"audioPlay":false,"sceneViewState":{"showFog":false,"showMaterialUpdate":false,"showSkybox":false,"showFlares":false,"showImageEffects":false,"showParticleSystems":true},"in2DMode":false,"pivot":{"x":0.15400998294353486,"y":1.0052838325500489,"z":-0.011485934257507325},"rotation":{"x":-0.27769625186920168,"y":-0.004322973545640707,"z":0.0012496388517320157,"w":-0.9606584310531616},"size":2.0334532260894777,"orthographic":false}