{"cameraMode":{"drawMode":0,"name":"Shaded","section":"Shading Mode"},"sceneLighting":false,"audioPlay":false,"sceneViewState":{"showFog":false,"showMaterialUpdate":false,"showSkybox":false,"showFlares":false,"showImageEffects":false,"showParticleSystems":true},"in2DMode":false,"pivot":{"x":-0.07906150817871094,"y":1.9656399488449097,"z":-0.07906150817871094},"rotation":{"x":-0.36191803216934206,"y":-0.0692722499370575,"z":0.026977933943271638,"w":-0.9292487502098084},"size":29.836135864257814,"orthographic":false}