{"cameraMode":{"drawMode":0,"name":"Shaded","section":"Shading Mode"},"sceneLighting":false,"audioPlay":false,"sceneViewState":{"showFog":false,"showMaterialUpdate":false,"showSkybox":false,"showFlares":false,"showImageEffects":false,"showParticleSystems":true},"in2DMode":false,"pivot":{"x":0.4824836254119873,"y":0.1751401424407959,"z":-0.2849416732788086},"rotation":{"x":-0.25879207253456118,"y":-0.6200357675552368,"z":0.22766639292240144,"w":-0.7048052549362183},"size":3.4416589736938478,"orthographic":false}