{"cameraMode":{"drawMode":0,"name":"Shaded","section":"Shading Mode"},"sceneLighting":false,"audioPlay":false,"sceneViewState":{"showFog":false,"showMaterialUpdate":false,"showSkybox":false,"showFlares":false,"showImageEffects":false,"showParticleSystems":true},"in2DMode":false,"pivot":{"x":0.006574153900146484,"y":1.1780803203582764,"z":-1.007306694984436},"rotation":{"x":0.28303393721580508,"y":-0.4516984522342682,"z":0.15367203950881959,"w":0.8320435285568237},"size":1.2000367641448975,"orthographic":false}