{"cameraMode":{"drawMode":0,"name":"Shaded","section":"Shading Mode"},"sceneLighting":false,"audioPlay":false,"sceneViewState":{"showFog":false,"showMaterialUpdate":false,"showSkybox":false,"showFlares":false,"showImageEffects":false,"showParticleSystems":true},"in2DMode":false,"pivot":{"x":-0.5782921314239502,"y":1.0770936012268067,"z":-1.1647495031356812},"rotation":{"x":-0.15721310675144196,"y":-0.15631113946437837,"z":0.025210009887814523,"w":-0.9747899174690247},"size":1.3122375011444092,"orthographic":false}