{"cameraMode":{"drawMode":0,"name":"Shaded","section":"Shading Mode"},"sceneLighting":false,"audioPlay":false,"sceneViewState":{"showFog":false,"showMaterialUpdate":false,"showSkybox":false,"showFlares":false,"showImageEffects":false,"showParticleSystems":true},"in2DMode":false,"pivot":{"x":12.95343017578125,"y":-0.48486328125,"z":-7.3955078125},"rotation":{"x":0.32019177079200747,"y":0.049705348908901218,"z":-0.016825517639517785,"w":0.9458983540534973},"size":5.457070827484131,"orthographic":true}