{"cameraMode":{"drawMode":0,"name":"Shaded","section":"Shading Mode"},"sceneLighting":false,"audioPlay":false,"sceneViewState":{"showFog":false,"showMaterialUpdate":false,"showSkybox":false,"showFlares":false,"showImageEffects":false,"showParticleSystems":true},"in2DMode":false,"pivot":{"x":0.0,"y":0.2499999701976776,"z":0.5000001192092896},"rotation":{"x":0.1802196204662323,"y":0.8137469291687012,"z":-0.44180384278297427,"w":0.33192068338394167},"size":1.8447562456130982,"orthographic":false}