{"cameraMode":{"drawMode":0,"name":"Shaded","section":"Shading Mode"},"sceneLighting":false,"audioPlay":false,"sceneViewState":{"showFog":false,"showMaterialUpdate":false,"showSkybox":false,"showFlares":false,"showImageEffects":false,"showParticleSystems":true},"in2DMode":false,"pivot":{"x":-0.011305496096611023,"y":0.845797061920166,"z":0.011031627655029297},"rotation":{"x":-0.09946316480636597,"y":-0.07310310006141663,"z":0.007334153167903423,"w":-0.9923352003097534},"size":1.5597550868988038,"orthographic":false}