{"cameraMode":{"drawMode":0,"name":"Shaded","section":"Shading Mode"},"sceneLighting":false,"audioPlay":false,"sceneViewState":{"showFog":false,"showMaterialUpdate":false,"showSkybox":false,"showFlares":false,"showImageEffects":false,"showParticleSystems":true},"in2DMode":false,"pivot":{"x":-0.9883766174316406,"y":1.283189296722412,"z":-0.4852719306945801},"rotation":{"x":-0.2795133888721466,"y":-0.4443584382534027,"z":0.14819270372390748,"w":-0.8381270170211792},"size":2.775000810623169,"orthographic":false}