{"cameraMode":{"drawMode":0,"name":"Shaded","section":"Shading Mode"},"sceneLighting":false,"audioPlay":false,"sceneViewState":{"showFog":false,"showMaterialUpdate":false,"showSkybox":false,"showFlares":false,"showImageEffects":false,"showParticleSystems":true},"in2DMode":false,"pivot":{"x":-0.3471190929412842,"y":0.9502981901168823,"z":0.07264828681945801},"rotation":{"x":0.0951693207025528,"y":-0.0417967326939106,"z":0.003999467473477125,"w":0.9945748448371887},"size":3.417886734008789,"orthographic":false}