{"cameraMode":{"drawMode":0,"name":"Shaded","section":"Shading Mode"},"sceneLighting":true,"audioPlay":false,"sceneViewState":{"showFog":false,"showMaterialUpdate":false,"showSkybox":false,"showFlares":false,"showImageEffects":false,"showParticleSystems":true},"in2DMode":false,"pivot":{"x":19.011905670166017,"y":-2.54296875,"z":3.2119140625},"rotation":{"x":0.3979842960834503,"y":0.06459230184555054,"z":-0.028104513883590699,"w":0.9146850109100342},"size":32.637847900390628,"orthographic":true}