{"cameraMode":{"drawMode":0,"name":"Shaded","section":"Shading Mode"},"sceneLighting":false,"audioPlay":false,"sceneViewState":{"showFog":false,"showMaterialUpdate":false,"showSkybox":false,"showFlares":false,"showImageEffects":false,"showParticleSystems":true},"in2DMode":false,"pivot":{"x":-0.5499997138977051,"y":-0.20497596263885499,"z":-0.5500001907348633},"rotation":{"x":0.38560131192207339,"y":-0.06496725976467133,"z":0.027228422462940217,"w":0.9199785590171814},"size":10.893169403076172,"orthographic":false}