{"cameraMode":{"drawMode":0,"name":"Shaded","section":"Shading Mode"},"sceneLighting":false,"audioPlay":false,"sceneViewState":{"showFog":false,"showMaterialUpdate":false,"showSkybox":false,"showFlares":false,"showImageEffects":false,"showParticleSystems":true},"in2DMode":false,"pivot":{"x":0.8515775203704834,"y":-0.20181816816329957,"z":0.6936650276184082},"rotation":{"x":0.012999462895095349,"y":0.9841899275779724,"z":-0.15662184357643128,"w":0.0816749855875969},"size":2.3733065128326418,"orthographic":false}