{"cameraMode":{"drawMode":0,"name":"Shaded","section":"Shading Mode"},"sceneLighting":false,"audioPlay":false,"sceneViewState":{"showFog":false,"showMaterialUpdate":false,"showSkybox":false,"showFlares":false,"showImageEffects":false,"showParticleSystems":true},"in2DMode":false,"pivot":{"x":-0.13800370693206788,"y":-0.021412402391433717,"z":0.11458039283752442},"rotation":{"x":-0.08509831875562668,"y":0.24460852146148683,"z":-0.02155342698097229,"w":-0.9656476974487305},"size":2.557884693145752,"orthographic":false}