{"cameraMode":{"drawMode":0,"name":"Shaded","section":"Shading Mode"},"sceneLighting":false,"audioPlay":false,"sceneViewState":{"showFog":false,"showMaterialUpdate":false,"showSkybox":false,"showFlares":false,"showImageEffects":false,"showParticleSystems":true},"in2DMode":false,"pivot":{"x":-0.9212843179702759,"y":-0.7092869281768799,"z":0.8721035122871399},"rotation":{"x":0.2903018593788147,"y":0.3891407549381256,"z":-0.13068701326847077,"w":0.864420473575592},"size":1.8834415674209595,"orthographic":false}