{"cameraMode":{"drawMode":0,"name":"Shaded","section":"Shading Mode"},"sceneLighting":false,"audioPlay":false,"sceneViewState":{"showFog":false,"showMaterialUpdate":false,"showSkybox":false,"showFlares":false,"showImageEffects":false,"showParticleSystems":true},"in2DMode":false,"pivot":{"x":0.20596812665462495,"y":0.5502936840057373,"z":0.32349562644958498},"rotation":{"x":-0.2674615979194641,"y":0.030916132032871248,"z":-0.008587208576500416,"w":-0.9630423784255981},"size":3.833451986312866,"orthographic":false}