{"cameraMode":{"drawMode":0,"name":"Shaded","section":"Shading Mode"},"sceneLighting":false,"audioPlay":false,"sceneViewState":{"showFog":false,"showMaterialUpdate":false,"showSkybox":false,"showFlares":false,"showImageEffects":false,"showParticleSystems":true},"in2DMode":false,"pivot":{"x":-3.561279535293579,"y":0.03501725196838379,"z":-0.1509631872177124},"rotation":{"x":-0.15339168906211854,"y":-0.8281944990158081,"z":0.2734360098838806,"w":-0.46456748247146609},"size":2.000781297683716,"orthographic":false}