{"cameraMode":{"drawMode":0,"name":"Shaded","section":"Shading Mode"},"sceneLighting":false,"audioPlay":false,"sceneViewState":{"showFog":false,"showMaterialUpdate":false,"showSkybox":false,"showFlares":false,"showImageEffects":false,"showParticleSystems":true},"in2DMode":false,"pivot":{"x":-0.3178025484085083,"y":0.06095612049102783,"z":-0.2056260108947754},"rotation":{"x":-0.09881723672151566,"y":0.9011596441268921,"z":-0.2945389449596405,"w":-0.3023454546928406},"size":3.756742238998413,"orthographic":false}