{"cameraMode":{"drawMode":0,"name":"Shaded","section":"Shading Mode"},"sceneLighting":false,"audioPlay":false,"sceneViewState":{"showFog":false,"showMaterialUpdate":false,"showSkybox":false,"showFlares":false,"showImageEffects":false,"showParticleSystems":true},"in2DMode":false,"pivot":{"x":0.2986783981323242,"y":0.6866129636764526,"z":0.08912861347198487},"rotation":{"x":-0.36213409900665285,"y":-0.10177098959684372,"z":0.03981292247772217,"w":-0.9256981015205383},"size":1.859062671661377,"orthographic":false}