{"cameraMode":{"drawMode":2,"name":"Shaded Wireframe","section":"Shading Mode"},"sceneLighting":true,"audioPlay":false,"sceneViewState":{"showFog":false,"showMaterialUpdate":false,"showSkybox":false,"showFlares":false,"showImageEffects":false,"showParticleSystems":true},"in2DMode":false,"pivot":{"x":-0.12750554084777833,"y":0.6556591987609863,"z":0.5983433723449707},"rotation":{"x":-0.2139156311750412,"y":-0.7745838761329651,"z":0.3384096920490265,"w":-0.489631325006485},"size":2.0522983074188234,"orthographic":false}