{"cameraMode":{"drawMode":0,"name":"Shaded","section":"Shading Mode"},"sceneLighting":false,"audioPlay":false,"sceneViewState":{"showFog":false,"showMaterialUpdate":false,"showSkybox":false,"showFlares":false,"showImageEffects":false,"showParticleSystems":true},"in2DMode":false,"pivot":{"x":6.141528606414795,"y":0.30142533779144289,"z":10.747960090637207},"rotation":{"x":0.24708791077136994,"y":-0.04068360850214958,"z":0.010383288376033306,"w":0.9680858850479126},"size":1.6101813316345215,"orthographic":false}