{"cameraMode":{"drawMode":0,"name":"Shaded","section":"Shading Mode"},"sceneLighting":false,"audioPlay":false,"sceneViewState":{"showFog":false,"showMaterialUpdate":false,"showSkybox":false,"showFlares":false,"showImageEffects":false,"showParticleSystems":true},"in2DMode":false,"pivot":{"x":0.43865013122558596,"y":1.9603729248046876,"z":-0.9218764305114746},"rotation":{"x":0.19218480587005616,"y":0.2796745300292969,"z":-0.057245753705501559,"w":0.9389200210571289},"size":6.019188404083252,"orthographic":false}