{"cameraMode":{"drawMode":0,"name":"Shaded","section":"Shading Mode"},"sceneLighting":false,"audioPlay":false,"sceneViewState":{"showFog":false,"showMaterialUpdate":false,"showSkybox":false,"showFlares":false,"showImageEffects":false,"showParticleSystems":true},"in2DMode":false,"pivot":{"x":-0.24765634536743165,"y":-0.14231586456298829,"z":0.2588634490966797},"rotation":{"x":-0.09471584111452103,"y":0.9027355313301086,"z":-0.25891467928886416,"w":-0.3302434980869293},"size":5.445234775543213,"orthographic":false}