{"cameraMode":{"drawMode":0,"name":"Shaded","section":"Shading Mode"},"sceneLighting":false,"audioPlay":false,"sceneViewState":{"showFog":false,"showMaterialUpdate":false,"showSkybox":false,"showFlares":false,"showImageEffects":false,"showParticleSystems":true},"in2DMode":false,"pivot":{"x":0.0,"y":0.2500000596046448,"z":-5.960464477539063e-8},"rotation":{"x":-0.5516660809516907,"y":-0.009515494108200074,"z":0.006292767357081175,"w":-0.8339961767196655},"size":2.4750003814697267,"orthographic":false}