{"cameraMode":{"drawMode":0,"name":"Shaded","section":"Shading Mode"},"sceneLighting":false,"audioPlay":false,"sceneViewState":{"showFog":false,"showMaterialUpdate":false,"showSkybox":false,"showFlares":false,"showImageEffects":false,"showParticleSystems":true},"in2DMode":false,"pivot":{"x":0.4792473316192627,"y":-0.24483686685562135,"z":0.16606783866882325},"rotation":{"x":0.16512015461921693,"y":0.310703843832016,"z":-0.054901935160160068,"w":0.9344472885131836},"size":2.8578836917877199,"orthographic":false}