{"cameraMode":{"drawMode":0,"name":"Shaded","section":"Shading Mode"},"sceneLighting":false,"audioPlay":false,"sceneViewState":{"showFog":false,"showMaterialUpdate":false,"showSkybox":false,"showFlares":false,"showImageEffects":false,"showParticleSystems":true},"in2DMode":false,"pivot":{"x":0.10223197937011719,"y":0.29375159740448,"z":-0.09398126602172852},"rotation":{"x":-0.25444015860557558,"y":-0.10708051919937134,"z":0.02835945412516594,"w":-0.9607235789299011},"size":2.857884645462036,"orthographic":false}