{"cameraMode":{"drawMode":0,"name":"Shaded","section":"Shading Mode"},"sceneLighting":false,"audioPlay":false,"sceneViewState":{"showFog":false,"showMaterialUpdate":false,"showSkybox":false,"showFlares":false,"showImageEffects":false,"showParticleSystems":true},"in2DMode":false,"pivot":{"x":1.6002182960510255,"y":-3.0138378143310549,"z":-3.8839025497436525},"rotation":{"x":0.3091060519218445,"y":0.028525276109576227,"z":-0.009275940246880055,"w":0.9505571126937866},"size":17.03152084350586,"orthographic":false}