{"cameraMode":{"drawMode":0,"name":"Shaded","section":"Shading Mode"},"sceneLighting":false,"audioPlay":false,"sceneViewState":{"showFog":false,"showMaterialUpdate":false,"showSkybox":false,"showFlares":false,"showImageEffects":false,"showParticleSystems":true},"in2DMode":false,"pivot":{"x":1.0206174850463868,"y":-1.3830244541168213,"z":-0.23177146911621095},"rotation":{"x":0.08777695149183274,"y":-0.01344752125442028,"z":0.0011850595474243165,"w":0.9960495233535767},"size":9.570554733276368,"orthographic":false}