{"cameraMode":{"drawMode":0,"name":"Shaded","section":"Shading Mode"},"sceneLighting":false,"audioPlay":false,"sceneViewState":{"showFog":false,"showMaterialUpdate":false,"showSkybox":false,"showFlares":false,"showImageEffects":false,"showParticleSystems":true},"in2DMode":false,"pivot":{"x":0.9309186935424805,"y":-0.5704509019851685,"z":0.4308931827545166},"rotation":{"x":0.16232141852378846,"y":0.5319444537162781,"z":-0.10473141819238663,"w":0.8244525790214539},"size":5.557884693145752,"orthographic":false}