{"cameraMode":{"drawMode":0,"name":"Shaded","section":"Shading Mode"},"sceneLighting":false,"audioPlay":false,"sceneViewState":{"showFog":false,"showMaterialUpdate":false,"showSkybox":false,"showFlares":false,"showImageEffects":false,"showParticleSystems":true},"in2DMode":false,"pivot":{"x":0.6979427933692932,"y":0.32587575912475588,"z":-0.26409363746643069},"rotation":{"x":-0.46599680185317995,"y":-0.2265363484621048,"z":0.12475946545600891,"w":-0.8461461663246155},"size":4.739060401916504,"orthographic":false}