{"cameraMode":{"drawMode":0,"name":"Shaded","section":"Shading Mode"},"sceneLighting":false,"audioPlay":false,"sceneViewState":{"showFog":false,"showMaterialUpdate":false,"showSkybox":false,"showFlares":false,"showImageEffects":false,"showParticleSystems":true},"in2DMode":false,"pivot":{"x":1.7881393432617188e-7,"y":0.06786597520112992,"z":-4.76837158203125e-7},"rotation":{"x":-0.10491929203271866,"y":0.882797122001648,"z":-0.23608702421188355,"w":-0.39233168959617617},"size":1.9525784254074097,"orthographic":false}