{"cameraMode":{"drawMode":0,"name":"Shaded","section":"Shading Mode"},"sceneLighting":false,"audioPlay":false,"sceneViewState":{"showFog":false,"showMaterialUpdate":false,"showSkybox":false,"showFlares":false,"showImageEffects":false,"showParticleSystems":true},"in2DMode":false,"pivot":{"x":0.7747820019721985,"y":0.8008410334587097,"z":19.608287811279298},"rotation":{"x":-0.0018695073667913676,"y":-0.9871893525123596,"z":0.15920618176460267,"w":-0.011556032113730908},"size":3.591517210006714,"orthographic":false}