{"cameraMode":{"drawMode":0,"name":"Shaded","section":"Shading Mode"},"sceneLighting":false,"audioPlay":false,"sceneViewState":{"showFog":false,"showMaterialUpdate":false,"showSkybox":false,"showFlares":false,"showImageEffects":false,"showParticleSystems":true},"in2DMode":false,"pivot":{"x":-7.905641555786133,"y":0.2934335470199585,"z":1.8225560188293458},"rotation":{"x":0.1978113055229187,"y":0.37005195021629336,"z":-0.08096142113208771,"w":0.9040986895561218},"size":2.6240994930267336,"orthographic":false}