{"cameraMode":{"drawMode":0,"name":"Shaded","section":"Shading Mode"},"sceneLighting":false,"audioPlay":false,"sceneViewState":{"showFog":false,"showMaterialUpdate":false,"showSkybox":false,"showFlares":false,"showImageEffects":false,"showParticleSystems":true},"in2DMode":false,"pivot":{"x":-1.3734138011932374,"y":0.1132502555847168,"z":-2.0922625064849855},"rotation":{"x":0.1802196204662323,"y":0.8137469291687012,"z":-0.44180384278297427,"w":0.33192068338394167},"size":6.0750017166137699,"orthographic":false}