{"cameraMode":{"drawMode":0,"name":"Shaded","section":"Shading Mode"},"sceneLighting":false,"audioPlay":false,"sceneViewState":{"showFog":false,"showMaterialUpdate":false,"showSkybox":false,"showFlares":false,"showImageEffects":false,"showParticleSystems":true},"in2DMode":false,"pivot":{"x":9.071218490600586,"y":0.14735913276672364,"z":-12.166946411132813},"rotation":{"x":0.33940669894218447,"y":0.29202601313591006,"z":-0.11172295361757279,"w":0.8871551156044006},"size":4.724999904632568,"orthographic":false}