{"cameraMode":{"drawMode":0,"name":"Shaded","section":"Shading Mode"},"sceneLighting":false,"audioPlay":false,"sceneViewState":{"showFog":false,"showMaterialUpdate":false,"showSkybox":false,"showFlares":false,"showImageEffects":false,"showParticleSystems":true},"in2DMode":false,"pivot":{"x":-0.92795729637146,"y":1.2335232496261597,"z":-0.8217154145240784},"rotation":{"x":-0.21100185811519624,"y":-0.7422736287117004,"z":0.2725502550601959,"w":-0.5746515989303589},"size":2.5416605472564699,"orthographic":false}