{"cameraMode":{"drawMode":0,"name":"Shaded","section":"Shading Mode"},"sceneLighting":false,"audioPlay":false,"sceneViewState":{"showFog":false,"showMaterialUpdate":false,"showSkybox":false,"showFlares":false,"showImageEffects":false,"showParticleSystems":true},"in2DMode":false,"pivot":{"x":0.014259934425354004,"y":0.23541733622550965,"z":0.20627763867378236},"rotation":{"x":0.07996244728565216,"y":0.5409438014030457,"z":-0.05176081880927086,"w":0.8356450796127319},"size":1.7496013641357422,"orthographic":false}