{"cameraMode":{"drawMode":0,"name":"Shaded","section":"Shading Mode"},"sceneLighting":false,"audioPlay":false,"sceneViewState":{"showFog":false,"showMaterialUpdate":false,"showSkybox":false,"showFlares":false,"showImageEffects":false,"showParticleSystems":true},"in2DMode":false,"pivot":{"x":0.7757585048675537,"y":0.1027517318725586,"z":-0.5754733085632324},"rotation":{"x":-0.16452491283416749,"y":-0.7957264184951782,"z":0.24824149906635285,"w":-0.527377724647522},"size":4.9416608810424809,"orthographic":false}