{"cameraMode":{"drawMode":0,"name":"Shaded","section":"Shading Mode"},"sceneLighting":false,"audioPlay":false,"sceneViewState":{"showFog":false,"showMaterialUpdate":false,"showSkybox":false,"showFlares":false,"showImageEffects":false,"showParticleSystems":true},"in2DMode":false,"pivot":{"x":1.2362629175186158,"y":-0.519292950630188,"z":0.706700325012207},"rotation":{"x":-0.32718411087989809,"y":0.1345883458852768,"z":-0.047139350324869159,"w":-0.9341415166854858},"size":2.3496012687683107,"orthographic":false}