{"cameraMode":{"drawMode":0,"name":"Shaded","section":"Shading Mode"},"sceneLighting":false,"audioPlay":false,"sceneViewState":{"showFog":false,"showMaterialUpdate":false,"showSkybox":false,"showFlares":false,"showImageEffects":false,"showParticleSystems":true},"in2DMode":false,"pivot":{"x":0.23262321949005128,"y":-0.16678959131240846,"z":-0.44036465883255007},"rotation":{"x":0.0738740786910057,"y":0.8559063076972961,"z":-0.12750780582427979,"w":0.49573156237602236},"size":2.4040932655334474,"orthographic":false}