{"cameraMode":{"drawMode":0,"name":"Shaded","section":"Shading Mode"},"sceneLighting":false,"audioPlay":false,"sceneViewState":{"showFog":false,"showMaterialUpdate":false,"showSkybox":false,"showFlares":false,"showImageEffects":false,"showParticleSystems":true},"in2DMode":false,"pivot":{"x":1.1920928955078126e-7,"y":1.0,"z":-1.7881393432617188e-7},"rotation":{"x":0.24068665504455567,"y":0.41144809126853945,"z":-0.11360462009906769,"w":0.8717077374458313},"size":3.7916324138641359,"orthographic":false}