{"cameraMode":{"drawMode":0,"name":"Shaded","section":"Shading Mode"},"sceneLighting":false,"audioPlay":false,"sceneViewState":{"showFog":false,"showMaterialUpdate":false,"showSkybox":false,"showFlares":false,"showImageEffects":false,"showParticleSystems":true},"in2DMode":false,"pivot":{"x":-0.1098177433013916,"y":-0.23865801095962525,"z":-0.44516026973724368},"rotation":{"x":0.19522115588188172,"y":0.3101511299610138,"z":-0.06523411720991135,"w":0.9281377196311951},"size":2.3334527015686037,"orthographic":false}