{"cameraMode":{"drawMode":2,"name":"Shaded Wireframe","section":"Shading Mode"},"sceneLighting":false,"audioPlay":false,"sceneViewState":{"showFog":false,"showMaterialUpdate":false,"showSkybox":false,"showFlares":false,"showImageEffects":false,"showParticleSystems":true},"in2DMode":false,"pivot":{"x":0.112551748752594,"y":-0.14050555229187013,"z":-0.8071807622909546},"rotation":{"x":-0.4245713949203491,"y":-0.3120030462741852,"z":0.15864412486553193,"w":-0.8350001573562622},"size":2.475001096725464,"orthographic":false}