{"cameraMode":{"drawMode":0,"name":"Shaded","section":"Shading Mode"},"sceneLighting":false,"audioPlay":false,"sceneViewState":{"showFog":false,"showMaterialUpdate":false,"showSkybox":false,"showFlares":false,"showImageEffects":false,"showParticleSystems":true},"in2DMode":false,"pivot":{"x":0.2956428527832031,"y":-0.3532942533493042,"z":-0.5484189987182617},"rotation":{"x":0.2287002056837082,"y":0.4038945436477661,"z":-0.10502558201551438,"w":0.8795101642608643},"size":2.857883930206299,"orthographic":false}