{"cameraMode":{"drawMode":0,"name":"Shaded","section":"Shading Mode"},"sceneLighting":false,"audioPlay":false,"sceneViewState":{"showFog":false,"showMaterialUpdate":false,"showSkybox":false,"showFlares":false,"showImageEffects":false,"showParticleSystems":false},"in2DMode":false,"pivot":{"x":0.7101980447769165,"y":0.5333142280578613,"z":1.4013636112213135},"rotation":{"x":0.45983439683914187,"y":0.33327654004096987,"z":-0.19144293665885926,"w":0.8005249500274658},"size":5.877254009246826,"orthographic":false}