{"cameraMode":{"drawMode":0,"name":"Shaded","section":"Shading Mode"},"sceneLighting":false,"audioPlay":false,"sceneViewState":{"showFog":false,"showMaterialUpdate":false,"showSkybox":false,"showFlares":false,"showImageEffects":false,"showParticleSystems":false},"in2DMode":false,"pivot":{"x":-22.11322021484375,"y":0.34326171875,"z":11.22088623046875},"rotation":{"x":0.18733136355876923,"y":-0.8080059885978699,"z":0.44026070833206179,"w":0.3438083827495575},"size":1.865440845489502,"orthographic":true}