{"cameraMode":{"drawMode":0,"name":"Shaded","section":"Shading Mode"},"sceneLighting":false,"audioPlay":false,"sceneViewState":{"showFog":false,"showMaterialUpdate":false,"showSkybox":false,"showFlares":false,"showImageEffects":false,"showParticleSystems":false},"in2DMode":false,"pivot":{"x":3.3361921310424806,"y":-1.2648342847824097,"z":1.3550339937210084},"rotation":{"x":-0.09762896597385407,"y":-0.5379997491836548,"z":0.06289905309677124,"w":-0.8349207639694214},"size":4.575000762939453,"orthographic":false}