{"cameraMode":{"drawMode":0,"name":"Shaded","section":"Shading Mode"},"sceneLighting":false,"audioPlay":false,"sceneViewState":{"showFog":false,"showMaterialUpdate":false,"showSkybox":false,"showFlares":false,"showImageEffects":false,"showParticleSystems":false},"in2DMode":false,"pivot":{"x":0.5798563957214356,"y":-1.170090675354004,"z":-0.5783977508544922},"rotation":{"x":0.16122543811798097,"y":0.8378047347068787,"z":-0.3902326226234436,"w":0.3461454510688782},"size":10.47353744506836,"orthographic":false}