{"cameraMode":{"drawMode":0,"name":"Shaded","section":"Shading Mode"},"sceneLighting":false,"audioPlay":false,"sceneViewState":{"showFog":false,"showMaterialUpdate":false,"showSkybox":false,"showFlares":false,"showImageEffects":false,"showParticleSystems":false},"in2DMode":false,"pivot":{"x":-0.805795431137085,"y":0.19358718395233155,"z":0.375014066696167},"rotation":{"x":0.07885372638702393,"y":-0.9173462986946106,"z":0.2288690209388733,"w":0.3160543441772461},"size":3.9140846729278566,"orthographic":false}