{"cameraMode":{"drawMode":0,"name":"Shaded","section":"Shading Mode"},"sceneLighting":false,"audioPlay":false,"sceneViewState":{"showFog":false,"showMaterialUpdate":false,"showSkybox":false,"showFlares":false,"showImageEffects":false,"showParticleSystems":false},"in2DMode":false,"pivot":{"x":0.11137998104095459,"y":0.21108806133270265,"z":-0.5550539493560791},"rotation":{"x":0.05644657090306282,"y":-0.9419198632240295,"z":0.20371824502944947,"w":0.26098260283470156},"size":3.6624646186828615,"orthographic":false}