{"cameraMode":{"drawMode":0,"name":"Shaded","section":"Shading Mode"},"sceneLighting":false,"audioPlay":false,"sceneViewState":{"showFog":false,"showMaterialUpdate":false,"showSkybox":false,"showFlares":false,"showImageEffects":false,"showParticleSystems":false},"in2DMode":false,"pivot":{"x":-2.3030550479888918,"y":1.1225173473358155,"z":0.23178720474243165},"rotation":{"x":0.04006073251366615,"y":0.9553341269493103,"z":-0.24934741854667664,"w":0.15348611772060395},"size":5.191257476806641,"orthographic":false}