{"cameraMode":{"drawMode":0,"name":"Shaded","section":"Shading Mode"},"sceneLighting":false,"audioPlay":false,"sceneViewState":{"showFog":false,"showMaterialUpdate":false,"showSkybox":false,"showFlares":false,"showImageEffects":false,"showParticleSystems":false},"in2DMode":false,"pivot":{"x":0.2420564889907837,"y":-0.022645533084869386,"z":0.7516059875488281},"rotation":{"x":-0.043752506375312808,"y":-0.16794432699680329,"z":0.0074601005762815479,"w":-0.9848151206970215},"size":4.433452129364014,"orthographic":false}