{"cameraMode":{"drawMode":0,"name":"Shaded","section":"Shading Mode"},"sceneLighting":false,"audioPlay":false,"sceneViewState":{"showFog":false,"showMaterialUpdate":false,"showSkybox":false,"showFlares":false,"showImageEffects":false,"showParticleSystems":false},"in2DMode":false,"pivot":{"x":2.9185032844543459,"y":-2.3265089988708498,"z":-11.297074317932129},"rotation":{"x":-0.2521197497844696,"y":0.10771916806697846,"z":-0.02825220488011837,"w":-0.9612743258476257},"size":9.502887725830079,"orthographic":false}