{"cameraMode":{"drawMode":0,"name":"Shaded","section":"Shading Mode"},"sceneLighting":false,"audioPlay":false,"sceneViewState":{"showFog":false,"showMaterialUpdate":false,"showSkybox":false,"showFlares":false,"showImageEffects":false,"showParticleSystems":false},"in2DMode":false,"pivot":{"x":-0.5515448451042175,"y":-0.8256215453147888,"z":-0.10261082649230957},"rotation":{"x":0.1816501021385193,"y":-0.16725246608257295,"z":0.0313677117228508,"w":0.9685315489768982},"size":2.8578836917877199,"orthographic":false}