{"cameraMode":{"drawMode":0,"name":"Shaded","section":"Shading Mode"},"sceneLighting":false,"audioPlay":false,"sceneViewState":{"showFog":false,"showMaterialUpdate":false,"showSkybox":false,"showFlares":false,"showImageEffects":false,"showParticleSystems":false},"in2DMode":false,"pivot":{"x":1.5787768363952637,"y":-2.5747153759002687,"z":-4.198439598083496},"rotation":{"x":0.12365887314081192,"y":-0.8762449622154236,"z":0.3217410147190094,"w":0.33676958084106448},"size":2.6422338485717775,"orthographic":false}