{"cameraMode":{"drawMode":0,"name":"Shaded","section":"Shading Mode"},"sceneLighting":true,"audioPlay":false,"sceneViewState":{"showFog":false,"showMaterialUpdate":false,"showSkybox":false,"showFlares":false,"showImageEffects":false,"showParticleSystems":false},"in2DMode":false,"pivot":{"x":10.119094848632813,"y":2.8467884063720705,"z":13.236139297485352},"rotation":{"x":0.17656764388084413,"y":0.8232594132423401,"z":-0.37150079011917117,"w":0.39126646518707278},"size":7.351832866668701,"orthographic":false}