{"cameraMode":{"drawMode":0,"name":"Shaded","section":"Shading Mode"},"sceneLighting":false,"audioPlay":false,"sceneViewState":{"showFog":false,"showMaterialUpdate":false,"showSkybox":false,"showFlares":false,"showImageEffects":false,"showParticleSystems":false},"in2DMode":false,"pivot":{"x":-26.108640670776368,"y":-0.09221005439758301,"z":4.585619926452637},"rotation":{"x":-0.08552546054124832,"y":0.9100143909454346,"z":-0.3301204442977905,"w":-0.2357604056596756},"size":3.5555968284606935,"orthographic":false}