{"cameraMode":{"drawMode":0,"name":"Shaded","section":"Shading Mode"},"sceneLighting":false,"audioPlay":false,"sceneViewState":{"showFog":false,"showMaterialUpdate":false,"showSkybox":false,"showFlares":false,"showImageEffects":false,"showParticleSystems":false},"in2DMode":false,"pivot":{"x":0.33380821347236636,"y":1.0057601928710938,"z":0.33279621601104739},"rotation":{"x":-0.1958252638578415,"y":-0.05381539463996887,"z":0.010762732475996018,"w":-0.9791125655174255},"size":3.990251302719116,"orthographic":false}