{"cameraMode":{"drawMode":0,"name":"Shaded","section":"Shading Mode"},"sceneLighting":true,"audioPlay":false,"sceneViewState":{"showFog":false,"showMaterialUpdate":false,"showSkybox":false,"showFlares":false,"showImageEffects":false,"showParticleSystems":false},"in2DMode":false,"pivot":{"x":0.7773675918579102,"y":4.365065574645996,"z":-9.431822776794434},"rotation":{"x":-0.24821098148822785,"y":0.7200570702552795,"z":-0.31587550044059756,"w":-0.565820038318634},"size":13.717025756835938,"orthographic":false}