{"cameraMode":{"drawMode":0,"name":"Shaded","section":"Shading Mode"},"sceneLighting":false,"audioPlay":false,"sceneViewState":{"showFog":false,"showMaterialUpdate":false,"showSkybox":false,"showFlares":false,"showImageEffects":false,"showParticleSystems":false},"in2DMode":false,"pivot":{"x":0.313920259475708,"y":0.5284638404846191,"z":0.2223544716835022},"rotation":{"x":0.15152281522750855,"y":-0.8006798624992371,"z":0.22754698991775514,"w":0.5331161022186279},"size":2.3495917320251467,"orthographic":false}