{"cameraMode":{"drawMode":0,"name":"Shaded","section":"Shading Mode"},"sceneLighting":false,"audioPlay":false,"sceneViewState":{"showFog":false,"showMaterialUpdate":false,"showSkybox":false,"showFlares":false,"showImageEffects":false,"showParticleSystems":false},"in2DMode":false,"pivot":{"x":-27.402496337890626,"y":0.231201171875,"z":8.720855712890625},"rotation":{"x":-0.8417924046516419,"y":0.14107422530651093,"z":0.26455357670783999,"w":0.4488913118839264},"size":2.0208797454833986,"orthographic":true}