{"cameraMode":{"drawMode":0,"name":"Shaded","section":"Shading Mode"},"sceneLighting":false,"audioPlay":false,"sceneViewState":{"showFog":false,"showMaterialUpdate":false,"showSkybox":false,"showFlares":false,"showImageEffects":false,"showParticleSystems":false},"in2DMode":false,"pivot":{"x":0.04345560073852539,"y":0.5500175356864929,"z":0.33430731296539309},"rotation":{"x":0.08737126737833023,"y":-0.9022439122200012,"z":0.2179262489080429,"w":0.3617224395275116},"size":2.1056766510009767,"orthographic":false}