{"cameraMode":{"drawMode":0,"name":"Shaded","section":"Shading Mode"},"sceneLighting":false,"audioPlay":false,"sceneViewState":{"showFog":false,"showMaterialUpdate":false,"showSkybox":false,"showFlares":false,"showImageEffects":false,"showParticleSystems":false},"in2DMode":false,"pivot":{"x":-0.050689101219177249,"y":-0.0023728609085083009,"z":0.21927785873413087},"rotation":{"x":-0.24821098148822785,"y":0.7200570702552795,"z":-0.31587550044059756,"w":-0.565820038318634},"size":2.3334429264068605,"orthographic":false}