{"cameraMode":{"drawMode":0,"name":"Shaded","section":"Shading Mode"},"sceneLighting":false,"audioPlay":false,"sceneViewState":{"showFog":false,"showMaterialUpdate":false,"showSkybox":false,"showFlares":false,"showImageEffects":false,"showParticleSystems":false},"in2DMode":false,"pivot":{"x":-0.1824582815170288,"y":-0.003088235855102539,"z":-0.09127521514892578},"rotation":{"x":0.07467057555913925,"y":-0.9147775769233704,"z":0.19870856404304505,"w":0.343727171421051},"size":2.642233371734619,"orthographic":false}