{"cameraMode":{"drawMode":0,"name":"Shaded","section":"Shading Mode"},"sceneLighting":false,"audioPlay":false,"sceneViewState":{"showFog":false,"showMaterialUpdate":false,"showSkybox":false,"showFlares":false,"showImageEffects":false,"showParticleSystems":false},"in2DMode":false,"pivot":{"x":0.0,"y":-0.6249998807907105,"z":0.2500000596046448},"rotation":{"x":-0.31688401103019717,"y":-0.39930328726768496,"z":0.14934305846691132,"w":-0.8472747206687927},"size":2.2213804721832277,"orthographic":false}