{"cameraMode":{"drawMode":0,"name":"Shaded","section":"Shading Mode"},"sceneLighting":false,"audioPlay":false,"sceneViewState":{"showFog":false,"showMaterialUpdate":false,"showSkybox":false,"showFlares":false,"showImageEffects":false,"showParticleSystems":false},"in2DMode":false,"pivot":{"x":-0.49999818205833437,"y":-8.94067397894105e-8,"z":5.960464477539063e-8},"rotation":{"x":0.34147384762763979,"y":0.36457428336143496,"z":-0.14578843116760255,"w":0.853956937789917},"size":3.6894984245300295,"orthographic":false}