{"cameraMode":{"drawMode":0,"name":"Shaded","section":"Shading Mode"},"sceneLighting":false,"audioPlay":false,"sceneViewState":{"showFog":false,"showMaterialUpdate":false,"showSkybox":false,"showFlares":false,"showImageEffects":false,"showParticleSystems":false},"in2DMode":false,"pivot":{"x":-0.29967761039733889,"y":0.39288657903671267,"z":2.032778263092041},"rotation":{"x":0.10104888677597046,"y":0.6310510039329529,"z":-0.08339887857437134,"w":0.7645991444587708},"size":2.6555564403533937,"orthographic":false}